#,,,,,
# LHS design points generated in Python,,,,,
# The parameters defined in the project are:,,,,,
#           P1 - length P2 - width P3 - thickness P4 - height,,,,,
#,,,,,
# The following header line defines the name of the columns by reference to the parameters.,,,,,
Name,P1,P2,P3,P4,
DP 0,0.036516,0.03133,0.004667,0.02639,
DP 1,0.022524,0.022587,0.004288,0.040318,
DP 2,0.046661,0.037709,0.002519,0.038968,
DP 3,0.021258,0.041179,0.004036,0.034854,
DP 4,0.053584,0.035929,0.004621,0.045806,
DP 5,0.04677,0.039677,0.004767,0.03628,
DP 6,0.041757,0.042131,0.004654,0.045205,
DP 7,0.048683,0.046287,0.004748,0.025174,
DP 8,0.049226,0.036332,0.003984,0.049407,
DP 9,0.036362,0.029949,0.004606,0.047529,
DP 10,0.044716,0.038006,0.004489,0.048231,
DP 11,0.026536,0.0338,0.004459,0.028576,
DP 12,0.042865,0.02565,0.003129,0.021586,
DP 13,0.055826,0.047701,0.002909,0.036077,
DP 14,0.051197,0.02267,0.003161,0.04072,
DP 15,0.034452,0.02426,0.002697,0.026146,
DP 16,0.055327,0.042843,0.0042,0.04961,
DP 17,0.047033,0.039226,0.002663,0.023434,
DP 18,0.040329,0.04313,0.004931,0.020404,
DP 19,0.043757,0.039943,0.00261,0.043938,
DP 20,0.0299,0.045814,0.003842,0.035408,
DP 21,0.038298,0.036307,0.004093,0.040777,
DP 22,0.051947,0.048741,0.004175,0.042355,
DP 23,0.038646,0.042539,0.002502,0.049427,
DP 24,0.048167,0.020618,0.004428,0.024863,
DP 25,0.059682,0.024286,0.004137,0.023139,
DP 26,0.037389,0.033837,0.004519,0.032439,
DP 27,0.023444,0.024969,0.004637,0.036855,
DP 28,0.02725,0.039808,0.00277,0.042177,
DP 29,0.029252,0.042286,0.004585,0.049703,
DP 30,0.029582,0.028702,0.002646,0.027572,
DP 31,0.055768,0.034742,0.00287,0.049892,
DP 32,0.058156,0.046118,0.004402,0.043106,
DP 33,0.045031,0.048436,0.00297,0.044551,
DP 34,0.041381,0.045639,0.003544,0.025514,
DP 35,0.026828,0.040535,0.004647,0.046566,
DP 36,0.032714,0.026784,0.003703,0.028154,
DP 37,0.02752,0.021792,0.003661,0.02521,
DP 38,0.032499,0.042946,0.004132,0.040563,
DP 39,0.056401,0.032598,0.00457,0.031491,
DP 40,0.0548,0.047279,0.003152,0.032206,
DP 41,0.052112,0.038367,0.003282,0.042007,
DP 42,0.028813,0.048588,0.004218,0.022362,
DP 43,0.038241,0.032485,0.00283,0.028447,
DP 44,0.056302,0.043311,0.002825,0.039871,
DP 45,0.02658,0.035245,0.004872,0.035162,
DP 46,0.044562,0.035977,0.003436,0.035376,
DP 47,0.033391,0.025405,0.003345,0.020371,
DP 48,0.037236,0.044006,0.003468,0.025752,
DP 49,0.020156,0.030522,0.002896,0.028817,
DP 50,0.031504,0.044311,0.004022,0.030547,
DP 51,0.051907,0.020578,0.003086,0.021494,
DP 52,0.034293,0.037741,0.003584,0.03867,
DP 53,0.044129,0.045352,0.003958,0.036354,
DP 54,0.057373,0.026375,0.004954,0.040745,
DP 55,0.041228,0.042673,0.004429,0.032105,
DP 56,0.048998,0.040658,0.004368,0.037498,
DP 57,0.044339,0.044169,0.004738,0.034572,
DP 58,0.030162,0.03029,0.00423,0.038696,
DP 59,0.039519,0.020283,0.004345,0.028238,
DP 60,0.028973,0.026145,0.003571,0.043568,
DP 61,0.03965,0.03566,0.00347,0.043227,
DP 62,0.025592,0.049054,0.004843,0.033487,
DP 63,0.058784,0.026095,0.00412,0.049457,
DP 64,0.031779,0.031927,0.003715,0.02698,
DP 65,0.02712,0.031282,0.002942,0.048547,
DP 66,0.040463,0.038994,0.004899,0.042305,
DP 67,0.055673,0.04993,0.004583,0.038442,
DP 68,0.053975,0.024428,0.002699,0.048952,
DP 69,0.022146,0.042086,0.00471,0.044557,
DP 70,0.020596,0.033132,0.004517,0.020853,
DP 71,0.049077,0.037848,0.004804,0.04878,
DP 72,0.023838,0.020996,0.002771,0.047653,
DP 73,0.054118,0.04879,0.004161,0.024659,
DP 74,0.05807,0.029076,0.003276,0.025702,
DP 75,0.040884,0.046064,0.003237,0.049155,
DP 76,0.021984,0.043984,0.004105,0.028392,
DP 77,0.043252,0.048685,0.004476,0.04333,
DP 78,0.038978,0.027056,0.002536,0.03154,
DP 79,0.030741,0.029873,0.003565,0.041622,
DP 80,0.035038,0.022639,0.004686,0.023913,
DP 81,0.054214,0.034702,0.003213,0.045292,
DP 82,0.031649,0.025162,0.004757,0.034372,
DP 83,0.023876,0.020522,0.004494,0.0366,
DP 84,0.042754,0.039009,0.002534,0.028175,
DP 85,0.027396,0.044346,0.004236,0.044945,
DP 86,0.053205,0.037869,0.002937,0.043474,
DP 87,0.022961,0.047514,0.004714,0.039029,
DP 88,0.026227,0.023463,0.003093,0.044913,
DP 89,0.03008,0.044662,0.003306,0.023945,
DP 90,0.025704,0.046961,0.004207,0.029376,
DP 91,0.040384,0.033503,0.004009,0.04046,
DP 92,0.038421,0.039176,0.004541,0.04537,
DP 93,0.059891,0.029265,0.003577,0.033167,
DP 94,0.035083,0.036019,0.004114,0.027389,
DP 95,0.026779,0.044554,0.00486,0.044294,
DP 96,0.030236,0.024,0.003771,0.03976,
DP 97,0.055581,0.035557,0.004027,0.046306,
DP 98,0.052387,0.035321,0.003897,0.049812,
DP 99,0.046261,0.049955,0.003729,0.031709,
DP 100,0.050101,0.047072,0.003001,0.024341,
DP 101,0.053977,0.027521,0.004594,0.047557,
DP 102,0.046386,0.022828,0.003107,0.039943,
DP 103,0.029743,0.044279,0.004578,0.039819,
DP 104,0.055304,0.035042,0.003198,0.047003,
DP 105,0.047694,0.048654,0.003454,0.044757,
DP 106,0.041903,0.045731,0.002925,0.022557,
DP 107,0.025331,0.048248,0.00373,0.04918,
DP 108,0.051968,0.032523,0.002802,0.0262,
DP 109,0.042063,0.022189,0.004498,0.04422,
DP 110,0.031961,0.036719,0.004417,0.029717,
DP 111,0.058608,0.033872,0.004526,0.04691,
DP 112,0.03048,0.024462,0.002641,0.039487,
DP 113,0.050266,0.044201,0.004178,0.044063,
DP 114,0.053794,0.027605,0.004409,0.029047,
DP 115,0.047836,0.034202,0.003609,0.028679,
DP 116,0.032571,0.031355,0.004556,0.030243,
DP 117,0.038752,0.047258,0.003326,0.02957,
DP 118,0.022477,0.020857,0.00447,0.046024,
DP 119,0.022739,0.030669,0.003849,0.040986,
DP 120,0.0232,0.042786,0.003602,0.023127,
DP 121,0.043171,0.027848,0.003685,0.041234,
DP 122,0.056893,0.032084,0.002849,0.024564,
DP 123,0.05666,0.02592,0.003251,0.048878,
DP 124,0.056532,0.048806,0.003591,0.029258,
DP 125,0.044794,0.041556,0.003331,0.030396,
DP 126,0.044482,0.037524,0.00368,0.024281,
DP 127,0.056161,0.042272,0.003974,0.033247,
DP 128,0.024917,0.037508,0.003045,0.026718,
DP 129,0.035526,0.039699,0.003543,0.044696,
DP 130,0.054489,0.022435,0.004551,0.041945,
DP 131,0.055121,0.024332,0.004879,0.046345,
DP 132,0.036562,0.037265,0.003308,0.036734,
DP 133,0.042787,0.037564,0.004991,0.047958,
DP 134,0.028849,0.026684,0.003796,0.04904,
DP 135,0.035955,0.024602,0.004463,0.045414,
DP 136,0.025925,0.02595,0.004071,0.030721,
DP 137,0.049666,0.025295,0.003866,0.031995,
DP 138,0.037509,0.04621,0.003655,0.038061,
DP 139,0.025504,0.023776,0.002625,0.027017,
DP 140,0.045973,0.032267,0.0035,0.026875,
DP 141,0.056798,0.045873,0.003029,0.047136,
DP 142,0.044305,0.021602,0.003976,0.028626,
DP 143,0.03092,0.037042,0.003966,0.025672,
DP 144,0.03228,0.048325,0.003181,0.022816,
DP 145,0.047885,0.03343,0.002868,0.022297,
DP 146,0.052234,0.038254,0.002922,0.040609,
DP 147,0.040865,0.035482,0.004158,0.030019,
DP 148,0.041365,0.034669,0.004968,0.039542,
DP 149,0.059646,0.038461,0.004727,0.034082,
DP 150,0.033357,0.046008,0.003052,0.023699,
DP 151,0.044921,0.037628,0.004293,0.029651,
DP 152,0.041713,0.023123,0.004688,0.047046,
DP 153,0.036093,0.032897,0.003775,0.038906,
DP 154,0.032333,0.022574,0.003606,0.04355,
DP 155,0.059504,0.03688,0.004641,0.033294,
DP 156,0.022208,0.029848,0.002607,0.024997,
DP 157,0.053308,0.021559,0.002954,0.02611,
DP 158,0.043309,0.024953,0.003661,0.049651,
DP 159,0.050866,0.0337,0.004808,0.024418,
DP 160,0.054541,0.044593,0.004724,0.032751,
DP 161,0.053075,0.042591,0.004092,0.031603,
DP 162,0.03413,0.021999,0.004982,0.040107,
DP 163,0.02305,0.03675,0.004038,0.046264,
DP 164,0.036007,0.026507,0.002628,0.043366,
DP 165,0.024953,0.022004,0.002945,0.046618,
DP 166,0.057456,0.034803,0.004676,0.032517,
DP 167,0.052906,0.043365,0.00414,0.048015,
DP 168,0.026713,0.038872,0.004323,0.024849,
DP 169,0.045383,0.029293,0.003379,0.020608,
DP 170,0.05848,0.031407,0.00375,0.023329,
DP 171,0.025166,0.044264,0.004671,0.033312,
DP 172,0.03408,0.026637,0.003907,0.028245,
DP 173,0.040679,0.043472,0.004411,0.048292,
DP 174,0.037805,0.035083,0.004834,0.033679,
DP 175,0.027069,0.034368,0.003695,0.032073,
DP 176,0.032079,0.030567,0.002572,0.039042,
DP 177,0.026922,0.043156,0.00302,0.04908,
DP 178,0.034675,0.035279,0.003722,0.022856,
DP 179,0.038365,0.029548,0.003573,0.030553,
DP 180,0.043471,0.026433,0.003825,0.037277,
DP 181,0.022386,0.048585,0.004085,0.023032,
DP 182,0.052715,0.04743,0.004192,0.033895,
DP 183,0.051351,0.039401,0.002606,0.030838,
DP 184,0.039117,0.044059,0.004973,0.034537,
DP 185,0.021241,0.0491,0.002612,0.026379,
DP 186,0.034551,0.049156,0.003809,0.043192,
DP 187,0.027872,0.042868,0.004065,0.038851,
DP 188,0.031391,0.042328,0.00253,0.04482,
DP 189,0.02964,0.02383,0.002644,0.027501,
DP 190,0.053485,0.038616,0.003954,0.045409,
DP 191,0.029935,0.041413,0.002706,0.041551,
DP 192,0.028914,0.03453,0.003065,0.032498,
DP 193,0.02149,0.023316,0.003227,0.023798,
DP 194,0.051236,0.041787,0.004759,0.031453,
DP 195,0.026471,0.03283,0.003427,0.045876,
DP 196,0.028001,0.037125,0.002595,0.031299,
DP 197,0.039274,0.023255,0.00258,0.020813,
DP 198,0.024813,0.034342,0.00269,0.04285,
DP 199,0.020229,0.043581,0.004348,0.026562,
DP 200,0.048748,0.04361,0.00271,0.023393,
DP 201,0.047397,0.026271,0.00442,0.033615,
DP 202,0.04839,0.028724,0.004609,0.023861,
DP 203,0.033564,0.030083,0.004793,0.027762,
DP 204,0.045247,0.033671,0.003041,0.040956,
DP 205,0.03071,0.046083,0.003381,0.035632,
DP 206,0.046306,0.03962,0.003047,0.040233,
DP 207,0.024649,0.025508,0.004332,0.039671,
DP 208,0.028717,0.04777,0.004949,0.023532,
DP 209,0.053436,0.032794,0.002984,0.046189,
DP 210,0.05085,0.029731,0.004691,0.029193,
DP 211,0.031766,0.02628,0.002875,0.022459,
DP 212,0.03797,0.025519,0.004597,0.022062,
DP 213,0.041248,0.028279,0.002715,0.046087,
DP 214,0.049851,0.032556,0.00299,0.03643,
DP 215,0.02746,0.041216,0.00492,0.043084,
DP 216,0.029053,0.048107,0.003736,0.025041,
DP 217,0.033145,0.046372,0.004521,0.02962,
DP 218,0.058484,0.049746,0.003797,0.036694,
DP 219,0.042511,0.041334,0.004878,0.048049,
DP 220,0.049177,0.039083,0.004385,0.034225,
DP 221,0.037738,0.034987,0.003315,0.031754,
DP 222,0.023487,0.035804,0.003916,0.049967,
DP 223,0.020265,0.035376,0.003228,0.040487,
DP 224,0.024631,0.035407,0.003726,0.03381,
DP 225,0.042967,0.028405,0.002632,0.04557,
DP 226,0.039542,0.045184,0.002723,0.040651,
DP 227,0.05277,0.049231,0.003664,0.021866,
DP 228,0.038533,0.04538,0.002853,0.024002,
DP 229,0.050663,0.026133,0.004298,0.031222,
DP 230,0.042938,0.031419,0.003323,0.025947,
DP 231,0.025556,0.043405,0.003948,0.025971,
DP 232,0.038456,0.049354,0.004301,0.023194,
DP 233,0.054372,0.034215,0.004478,0.034407,
DP 234,0.057704,0.047685,0.003023,0.0401,
DP 235,0.035206,0.048178,0.004117,0.048089,
DP 236,0.050048,0.032474,0.003012,0.03566,
DP 237,0.028512,0.022988,0.003636,0.022233,
DP 238,0.032265,0.020374,0.004374,0.02328,
DP 239,0.021068,0.049327,0.003539,0.027844,
DP 240,0.054918,0.041606,0.002767,0.035306,
DP 241,0.039956,0.020811,0.004923,0.021236,
DP 242,0.056756,0.031131,0.004014,0.03824,
DP 243,0.030018,0.028486,0.004467,0.032876,
DP 244,0.038186,0.028676,0.004044,0.02989,
DP 245,0.045748,0.034558,0.003254,0.041467,
DP 246,0.046614,0.049417,0.004735,0.036136,
DP 247,0.059616,0.040283,0.00257,0.042491,
DP 248,0.044377,0.027786,0.003368,0.038157,
DP 249,0.02935,0.044483,0.003503,0.03237,
DP 250,0.039353,0.027467,0.003517,0.043512,
DP 251,0.05335,0.033366,0.002762,0.029403,
DP 252,0.053622,0.028191,0.004694,0.027359,
DP 253,0.032898,0.035829,0.00312,0.030373,
DP 254,0.023141,0.044109,0.004149,0.033191,
DP 255,0.020879,0.031457,0.004968,0.027602,
DP 256,0.027188,0.023817,0.002647,0.035125,
DP 257,0.027001,0.021021,0.003415,0.021699,
DP 258,0.035931,0.027693,0.003818,0.025564,
DP 259,0.048904,0.022779,0.004993,0.030237,
DP 260,0.023398,0.043253,0.00426,0.045219,
DP 261,0.0417,0.021678,0.004327,0.032663,
DP 262,0.042213,0.025888,0.002685,0.047754,
DP 263,0.03401,0.040961,0.002634,0.037391,
DP 264,0.042119,0.042027,0.003111,0.047286,
DP 265,0.042071,0.020427,0.003588,0.034427,
DP 266,0.03387,0.028208,0.002961,0.040287,
DP 267,0.025884,0.046503,0.003357,0.026634,
DP 268,0.036439,0.038692,0.003699,0.034265,
DP 269,0.036159,0.047742,0.002547,0.031782,
DP 270,0.037092,0.022348,0.002739,0.020488,
DP 271,0.049794,0.038767,0.004633,0.042629,
DP 272,0.040943,0.041295,0.004212,0.045461,
DP 273,0.026102,0.025474,0.003329,0.049917,
DP 274,0.022886,0.028903,0.002725,0.02096,
DP 275,0.020505,0.043644,0.00444,0.031316,
DP 276,0.057971,0.044732,0.003652,0.02109,
DP 277,0.046161,0.034269,0.002844,0.020882,
DP 278,0.03027,0.044623,0.002727,0.044791,
DP 279,0.044913,0.029455,0.002913,0.03959,
DP 280,0.026268,0.045858,0.004952,0.022684,
DP 281,0.053912,0.037015,0.004246,0.021459,
DP 282,0.032752,0.046173,0.003147,0.030672,
DP 283,0.040593,0.046389,0.004382,0.046989,
DP 284,0.023657,0.03733,0.004339,0.031391,
DP 285,0.04734,0.02249,0.003837,0.045661,
DP 286,0.037268,0.027334,0.002659,0.046834,
DP 287,0.043839,0.030728,0.002954,0.046315,
DP 288,0.020088,0.03165,0.003113,0.042618,
DP 289,0.059262,0.029586,0.004959,0.046697,
DP 290,0.03301,0.02415,0.004256,0.03796,
DP 291,0.035671,0.033901,0.003411,0.036533,
DP 292,0.040146,0.038204,0.002588,0.048699,
DP 293,0.030793,0.020146,0.003372,0.029284,
DP 294,0.049036,0.046918,0.002623,0.039372,
DP 295,0.045667,0.046996,0.002885,0.020994,
DP 296,0.044774,0.02511,0.003407,0.041828,
DP 297,0.039902,0.033184,0.00491,0.034917,
DP 298,0.059546,0.023208,0.004308,0.041407,
DP 299,0.057553,0.021357,0.004243,0.030182,till here till now
DP 300,0.054273,0.024878,0.004041,0.039148,
DP 301,0.043355,0.04324,0.004449,0.024535,
DP 302,0.059344,0.027158,0.002512,0.02604,
DP 303,0.032158,0.026745,0.004134,0.032775,
DP 304,0.051664,0.039498,0.002693,0.025791,
DP 305,0.037057,0.023372,0.004405,0.049254,
DP 306,0.057509,0.046452,0.004838,0.041018,
DP 307,0.050945,0.04217,0.003594,0.047221,
DP 308,0.028451,0.035528,0.00358,0.047893,
DP 309,0.037784,0.031089,0.003887,0.049961,
DP 310,0.054397,0.029989,0.004056,0.021446,
DP 311,0.058972,0.026543,0.004814,0.035441,
DP 312,0.040419,0.029899,0.002819,0.025307,
DP 313,0.043949,0.021944,0.0036,0.046626,
DP 314,0.043643,0.027903,0.003567,0.026655,
DP 315,0.059216,0.031572,0.003755,0.02676,
DP 316,0.021813,0.037662,0.004456,0.027449,
DP 317,0.031287,0.043811,0.002991,0.038401,
DP 318,0.033269,0.028152,0.002672,0.038817,
DP 319,0.057646,0.041514,0.003954,0.024945,
DP 320,0.03488,0.044089,0.004381,0.044633,
DP 321,0.034762,0.033278,0.003528,0.046402,
DP 322,0.021956,0.032946,0.003683,0.025391,
DP 323,0.057078,0.021817,0.003861,0.037228,
DP 324,0.0508,0.021512,0.004978,0.03709,
DP 325,0.025783,0.048394,0.004121,0.021646,
DP 326,0.037341,0.042037,0.003929,0.020011,
DP 327,0.040044,0.040036,0.004829,0.023727,
DP 328,0.039468,0.024689,0.003807,0.034183,
DP 329,0.020434,0.036516,0.004397,0.048246,
DP 330,0.041494,0.025053,0.004172,0.024076,
DP 331,0.02187,0.032108,0.004473,0.031256,
DP 332,0.055804,0.040443,0.004696,0.026845,
DP 333,0.045998,0.024553,0.003218,0.045522,
DP 334,0.048221,0.033014,0.002897,0.049573,
DP 335,0.033972,0.040179,0.00332,0.02336,
DP 336,0.040966,0.026324,0.003642,0.042746,
DP 337,0.047291,0.039306,0.004874,0.041144,
DP 338,0.045366,0.033472,0.003115,0.022275,
DP 339,0.036896,0.048467,0.003058,0.020719,
DP 340,0.036705,0.045539,0.003199,0.023585,
DP 341,0.023335,0.025085,0.003281,0.03365,
DP 342,0.027945,0.03985,0.004278,0.021105,
DP 343,0.024257,0.043938,0.004394,0.036032,
DP 344,0.022545,0.024901,0.00432,0.032985,
DP 345,0.038509,0.039792,0.003708,0.026276,
DP 346,0.053519,0.021861,0.003734,0.020196,
DP 347,0.05789,0.02255,0.003242,0.037868,
DP 348,0.025052,0.047963,0.004934,0.047857,
DP 349,0.04301,0.043279,0.004613,0.040159,
DP 350,0.043198,0.043067,0.002583,0.022093,
DP 351,0.036681,0.028956,0.003535,0.02848,
DP 352,0.020742,0.020217,0.004891,0.036863,
DP 353,0.043502,0.024347,0.003077,0.039973,
DP 354,0.056435,0.040981,0.004359,0.042415,
DP 355,0.038864,0.040707,0.003418,0.046814,
DP 356,0.028397,0.042435,0.003028,0.047377,
DP 357,0.034815,0.023674,0.004107,0.042669,
DP 358,0.022113,0.024201,0.0046,0.022001,
DP 359,0.050565,0.049672,0.004233,0.025863,
DP 360,0.058334,0.040102,0.003712,0.038205,
DP 361,0.038704,0.03736,0.002756,0.048671,
DP 362,0.050408,0.021476,0.004003,0.034048,
DP 363,0.020098,0.045588,0.003855,0.038273,
DP 364,0.055622,0.035502,0.004155,0.044608,
DP 365,0.026631,0.035774,0.0026,0.025472,
DP 366,0.048844,0.020115,0.003941,0.043751,
DP 367,0.032656,0.027649,0.004552,0.027649,
DP 368,0.02634,0.029155,0.003289,0.032845,
DP 369,0.048256,0.029759,0.003272,0.044673,v4
DP 370,0.046693,0.028584,0.002889,0.022647,
DP 371,0.03804,0.04155,0.003891,0.021398,
DP 372,0.030993,0.033535,0.004348,0.037765,
DP 373,0.059281,0.02318,0.004355,0.045012,
DP 374,0.052604,0.040495,0.002982,0.035943,
DP 375,0.042682,0.026967,0.004341,0.021158,
DP 376,0.046537,0.039465,0.004377,0.044846,
DP 377,0.0353,0.032664,0.003853,0.048855,
DP 378,0.045488,0.045043,0.00427,0.04068,
DP 379,0.031351,0.041243,0.002666,0.033476,
DP 380,0.02132,0.047809,0.004845,0.02387,
DP 381,0.054082,0.038166,0.003304,0.031052,
DP 382,0.040131,0.020749,0.003557,0.041306,
DP 383,0.028251,0.03501,0.003445,0.035604,
DP 384,0.05624,0.036802,0.003006,0.029536,
DP 385,0.059457,0.026405,0.003105,0.037477,
DP 386,0.028576,0.039435,0.003301,0.03225,
DP 387,0.045181,0.044439,0.002816,0.041054,
DP 388,0.050469,0.045091,0.003232,0.047801,
DP 389,0.057796,0.044776,0.00405,0.031074,
DP 390,0.058161,0.029703,0.004681,0.021038,
DP 391,0.043872,0.042363,0.004483,0.048137,
DP 392,0.031426,0.029811,0.002778,0.03467,
DP 393,0.059055,0.02604,0.004681,0.036406,
DP 394,0.025251,0.035936,0.004905,0.03928,
DP 395,0.051775,0.022231,0.002539,0.029232,
DP 396,0.054317,0.020071,0.002999,0.032015,
DP 397,0.035481,0.037822,0.002678,0.035239,
DP 398,0.047221,0.037952,0.003156,0.029114,
DP 399,0.031715,0.024822,0.004745,0.037681,
DP 400,0.04759,0.047237,0.004372,0.026455,
DP 401,0.043116,0.045473,0.00275,0.037336,
DP 402,0.028762,0.044226,0.004508,0.032594,
DP 403,0.031045,0.048228,0.004538,0.047786,
DP 404,0.057793,0.049704,0.004224,0.043688,
DP 405,0.034197,0.030637,0.003883,0.031445,
DP 406,0.048028,0.038526,0.004203,0.033028,
DP 407,0.026888,0.0244,0.003464,0.028315,
DP 408,0.030407,0.027493,0.00317,0.037641,
DP 409,0.026188,0.039623,0.003387,0.03494,
DP 410,0.025207,0.045514,0.00343,0.038648,
DP 411,0.026152,0.034915,0.003447,0.045042,
DP 412,0.041567,0.045662,0.00268,0.034473,
DP 413,0.021046,0.030892,0.004805,0.042538,
DP 414,0.021645,0.034074,0.003927,0.027344,
DP 415,0.048085,0.045288,0.002978,0.021269,
DP 416,0.045291,0.049971,0.004926,0.043923,
DP 417,0.057331,0.025832,0.004666,0.03222,
DP 418,0.051827,0.025685,0.003394,0.034761,
DP 419,0.042265,0.037088,0.002929,0.032568,
DP 420,0.027644,0.048834,0.003472,0.027162,
DP 421,0.038937,0.038061,0.003478,0.040879,
DP 422,0.058272,0.034055,0.003101,0.048727,
DP 423,0.035391,0.02725,0.00478,0.038292,
DP 424,0.039715,0.031248,0.004078,0.045079,
DP 425,0.058395,0.031932,0.00314,0.036047,
DP 426,0.029679,0.043518,0.004063,0.024917,
DP 427,0.056006,0.029197,0.003351,0.036263,
DP 428,0.039725,0.027866,0.004798,0.033525,
DP 429,0.029088,0.033565,0.003294,0.02173,
DP 430,0.055033,0.045958,0.003004,0.025015,
DP 431,0.040069,0.036964,0.002838,0.020453,
DP 432,0.058711,0.030021,0.003782,0.049309,
DP 433,0.052839,0.036439,0.003285,0.042698,
DP 434,0.023591,0.022958,0.003136,0.03449,
DP 435,0.048311,0.038509,0.002595,0.049726,
DP 436,0.054036,0.030254,0.003035,0.044189,
DP 437,0.033495,0.025709,0.00305,0.037372,
DP 438,0.035683,0.045696,0.002516,0.036221,
DP 439,0.04358,0.046415,0.003618,0.031175,
DP 440,0.021732,0.04958,0.003123,0.030169,
DP 441,0.050201,0.036618,0.004707,0.03617,
DP 442,0.045741,0.020627,0.002823,0.046525,
DP 443,0.044523,0.022452,0.003079,0.032051,
DP 444,0.035829,0.026191,0.003462,0.023053,
DP 445,0.035027,0.0278,0.003669,0.026443,
DP 446,0.034931,0.02573,0.003393,0.032459,
DP 447,0.024512,0.047584,0.003518,0.033058,
DP 448,0.043714,0.028597,0.004423,0.024404,
DP 449,0.039376,0.032197,0.004194,0.021289,
DP 450,0.027696,0.034599,0.003143,0.037735,
DP 451,0.033302,0.045114,0.002554,0.040536,
DP 452,0.041958,0.038135,0.003384,0.025605,
DP 453,0.036839,0.027199,0.003365,0.049016,
DP 454,0.057023,0.02526,0.002932,0.026737,
DP 455,0.033153,0.027362,0.002748,0.038945,
DP 456,0.027966,0.042584,0.002901,0.041087,
DP 457,0.046394,0.034776,0.004266,0.034691,
DP 458,0.040209,0.03327,0.003017,0.042962,
DP 459,0.021425,0.042192,0.004564,0.035078,
DP 460,0.03701,0.02898,0.003614,0.032623,
DP 461,0.036314,0.022289,0.004209,0.026081,
DP 462,0.052303,0.034388,0.004126,0.0419,
DP 463,0.023287,0.041043,0.002581,0.026,
DP 464,0.046932,0.028542,0.004611,0.021991,
DP 465,0.045628,0.031173,0.00494,0.020637,
DP 466,0.037534,0.048039,0.004032,0.020579,
DP 467,0.03124,0.036178,0.00397,0.031123,
DP 468,0.058805,0.038276,0.002759,0.046214,
DP 469,0.051482,0.020265,0.004743,0.041325,
DP 470,0.025402,0.03715,0.004625,0.038457,
DP 471,0.041548,0.036782,0.004824,0.038338,
DP 472,0.028605,0.031674,0.003996,0.040801,
DP 473,0.044986,0.037241,0.003792,0.044028,
DP 474,0.044016,0.023715,0.004454,0.028929,
DP 475,0.047743,0.041827,0.004239,0.041719,
DP 476,0.032386,0.029364,0.003812,0.044411,
DP 477,0.033434,0.041831,0.003991,0.029752,
DP 478,0.054809,0.033602,0.002879,0.042924,
DP 479,0.056062,0.031734,0.004303,0.022105,
DP 480,0.034368,0.042748,0.003019,0.04816,
DP 481,0.048587,0.036481,0.002651,0.030872,
DP 482,0.035264,0.023399,0.003547,0.030738,
DP 483,0.033665,0.035179,0.003992,0.042169,
DP 484,0.030875,0.020048,0.003764,0.04924,
DP 485,0.021369,0.038674,0.002987,0.048821,
DP 486,0.044238,0.041934,0.00427,0.046037,
DP 487,0.051401,0.036347,0.004333,0.041827,
DP 488,0.053252,0.024691,0.003831,0.031001,
DP 489,0.046136,0.030721,0.002966,0.044324,
DP 490,0.054454,0.036848,0.004154,0.024788,
DP 491,0.058725,0.025204,0.002719,0.040385,
DP 492,0.020852,0.021051,0.003904,0.028863,
DP 493,0.031185,0.039367,0.004143,0.039717,
DP 494,0.023703,0.027071,0.004535,0.041131,
DP 495,0.041432,0.024125,0.004903,0.027061,
DP 496,0.035558,0.047037,0.004364,0.043769,
DP 497,0.051035,0.047029,0.003951,0.048977,
DP 498,0.036076,0.046825,0.004082,0.029077,
DP 499,0.055711,0.040885,0.003529,0.021913,
DP 500,0.027823,0.02695,0.002946,0.026322,
DP 501,0.023949,0.041142,0.004547,0.027202,
DP 502,0.020361,0.033976,0.004787,0.022783,
DP 503,0.057603,0.043192,0.004783,0.040016,
DP 504,0.032217,0.049826,0.004889,0.048573,
DP 505,0.047464,0.032996,0.003649,0.037578,
DP 506,0.050002,0.02409,0.002891,0.029918,
DP 507,0.05993,0.02798,0.002669,0.046948,
DP 508,0.046053,0.036572,0.002908,0.027939,
DP 509,0.037658,0.022758,0.003191,0.022318,
DP 510,0.044079,0.042214,0.003234,0.035727,
DP 511,0.021886,0.034481,0.003292,0.048602,
DP 512,0.052591,0.025368,0.004851,0.037206,
DP 513,0.052807,0.034143,0.004275,0.041983,
DP 514,0.0503,0.040363,0.00462,0.036584,
DP 515,0.032784,0.023922,0.002545,0.039755,
DP 516,0.054693,0.034002,0.003622,0.024691,
DP 517,0.058011,0.039534,0.003454,0.046433,
DP 518,0.020401,0.023488,0.004128,0.030982,
DP 519,0.041059,0.045925,0.002976,0.047171,
DP 520,0.035614,0.049855,0.002788,0.043614,
DP 521,0.054957,0.04075,0.004562,0.030505,
DP 522,0.047783,0.047191,0.004752,0.043005,
DP 523,0.04379,0.043441,0.004075,0.043299,
DP 524,0.058573,0.034948,0.004916,0.04144,
DP 525,0.026402,0.04372,0.004725,0.03383,
DP 526,0.028064,0.033148,0.003524,0.046655,
DP 527,0.020996,0.04896,0.003177,0.03943,
DP 528,0.020957,0.029496,0.003902,0.02883,
DP 529,0.052999,0.020343,0.003212,0.032302,
DP 530,0.024217,0.044826,0.002692,0.04158,
DP 531,0.058925,0.026469,0.004703,0.034334,
DP 532,0.035168,0.043758,0.003945,0.033422,
DP 533,0.042391,0.038382,0.003484,0.039844,
DP 534,0.052675,0.022904,0.004015,0.031902,
DP 535,0.03458,0.049778,0.003745,0.035869,
DP 536,0.036216,0.022244,0.004184,0.036759,
DP 537,0.04893,0.034652,0.003912,0.049378,
DP 538,0.051275,0.044903,0.00307,0.021315,
DP 539,0.030524,0.037473,0.004938,0.035033,
DP 540,0.053864,0.028853,0.002881,0.029778,
DP 541,0.055914,0.041439,0.004716,0.045916,
DP 542,0.051709,0.023017,0.002786,0.034612,
DP 543,0.020667,0.04634,0.003404,0.043808,
DP 544,0.032947,0.047834,0.003876,0.031932,
DP 545,0.030309,0.047449,0.004196,0.035995,
DP 546,0.034505,0.022167,0.004187,0.022532,
DP 547,0.038103,0.030416,0.002603,0.021187,
DP 548,0.029806,0.020205,0.003507,0.04173,
DP 549,0.033238,0.02912,0.003402,0.025425,
DP 550,0.04942,0.040623,0.004006,0.045787,
DP 551,0.046238,0.028083,0.002871,0.029674,
DP 552,0.034981,0.039134,0.00256,0.027433,
DP 553,0.024466,0.041914,0.003607,0.021825,
DP 554,0.040271,0.022037,0.003494,0.041265,
DP 555,0.029455,0.026226,0.003459,0.040442,
DP 556,0.03389,0.030991,0.004328,0.022446,
DP 557,0.057699,0.031495,0.004111,0.028081,
DP 558,0.034662,0.033622,0.004811,0.032315,
DP 559,0.034247,0.028782,0.004283,0.042464,
DP 560,0.042653,0.030825,0.004031,0.038129,
DP 561,0.045454,0.028269,0.003083,0.020909,
DP 562,0.044442,0.032333,0.002783,0.041663,
DP 563,0.05658,0.0266,0.003132,0.024189,
DP 564,0.034303,0.049869,0.004842,0.044089,
DP 565,0.049715,0.04238,0.004639,0.036824,
DP 566,0.052066,0.040858,0.00367,0.04281,
DP 567,0.027599,0.033315,0.004765,0.025324,
DP 568,0.043597,0.037902,0.003923,0.02593,
DP 569,0.03763,0.04913,0.004314,0.020047,
DP 570,0.021176,0.033787,0.00349,0.042217,
DP 571,0.042381,0.03179,0.002995,0.036629,
DP 572,0.055531,0.030507,0.00331,0.024596,
DP 573,0.030823,0.0323,0.004996,0.035516,
DP 574,0.052196,0.030171,0.00292,0.034975,
DP 575,0.024738,0.04556,0.003096,0.043845,
DP 576,0.037865,0.02692,0.004088,0.035847,
DP 577,0.024156,0.036659,0.004911,0.038894,
DP 578,0.051752,0.041649,0.002812,0.045507,
DP 579,0.03544,0.031146,0.004286,0.03783,
DP 580,0.033562,0.023756,0.003298,0.03117,
DP 581,0.028494,0.030207,0.004663,0.046166,
DP 582,0.055974,0.022086,0.004312,0.037056,
DP 583,0.047962,0.027685,0.004772,0.024735,
DP 584,0.031546,0.041711,0.004352,0.025273,
DP 585,0.030153,0.034446,0.004762,0.028369,
DP 586,0.039185,0.033963,0.002851,0.02773,
DP 587,0.031904,0.023551,0.002756,0.030798,
DP 588,0.049506,0.023878,0.002927,0.038731,
DP 589,0.049909,0.042914,0.004963,0.02896,
DP 590,0.020514,0.027964,0.003441,0.0269,
DP 591,0.02282,0.042804,0.004186,0.032813,
DP 592,0.030052,0.030327,0.003821,0.03992,
DP 593,0.050239,0.040784,0.004229,0.049684,
DP 594,0.034029,0.047324,0.003336,0.024252,
DP 595,0.059087,0.038095,0.004534,0.046138,
DP 596,0.02294,0.021181,0.003644,0.034136,
DP 597,0.025437,0.043687,0.00451,0.038526,
DP 598,0.028949,0.021931,0.003751,0.03569,
DP 599,0.056126,0.023166,0.004574,0.039257,
DP 600,0.025076,0.036076,0.004739,0.040349,
DP 601,0.051135,0.049198,0.004461,0.038507,
DP 602,0.024123,0.03083,0.003829,0.043966,
DP 603,0.050372,0.026809,0.003677,0.045755,
DP 604,0.04284,0.025223,0.003339,0.031554,
DP 605,0.054661,0.024648,0.004558,0.033376,
DP 606,0.036464,0.028009,0.004319,0.037804,
DP 607,0.035787,0.028422,0.003262,0.041768,
DP 608,0.047145,0.023954,0.004099,0.034864,
DP 609,0.050732,0.027218,0.003203,0.041181,
DP 610,0.026345,0.048374,0.004755,0.039637,
DP 611,0.047058,0.028877,0.002804,0.04209,
DP 612,0.052939,0.038738,0.003627,0.043251,
DP 613,0.056706,0.035111,0.004179,0.028499,
DP 614,0.023558,0.029617,0.003195,0.034809,
DP 615,0.024695,0.049597,0.004934,0.0456,
DP 616,0.037139,0.032871,0.002903,0.02798,
DP 617,0.022594,0.045988,0.003964,0.047453,
DP 618,0.051599,0.02712,0.004048,0.043447,
DP 619,0.039074,0.020924,0.003266,0.044347,
DP 620,0.053034,0.036923,0.00487,0.038023,
DP 621,0.028146,0.041883,0.003498,0.036662,
DP 622,0.056868,0.032013,0.004431,0.029331,
DP 623,0.046848,0.040382,0.002957,0.025361,
DP 624,0.050687,0.034303,0.003776,0.022603,
DP 625,0.028366,0.047528,0.003408,0.026799,
DP 626,0.037321,0.023067,0.003997,0.03645,
DP 627,0.052481,0.047392,0.003766,0.027882,
DP 628,0.039029,0.037997,0.003721,0.03004,
DP 629,0.042476,0.025613,0.00428,0.022889,
DP 630,0.053418,0.033084,0.004827,0.025151,
DP 631,0.052326,0.039995,0.003247,0.0309,
DP 632,0.022996,0.048978,0.003742,0.047392,
DP 633,0.026957,0.024551,0.00429,0.048187,
DP 634,0.057205,0.047642,0.003718,0.020224,
DP 635,0.04508,0.022709,0.004657,0.049543,
DP 636,0.029309,0.020677,0.003632,0.029029,
DP 637,0.031158,0.0273,0.004496,0.0475,
DP 638,0.027557,0.03914,0.002775,0.035252,
DP 639,0.027355,0.032163,0.004415,0.023102,
DP 640,0.038133,0.040011,0.004073,0.041603,
DP 641,0.034409,0.023573,0.002557,0.047997,
DP 642,0.047556,0.024759,0.00319,0.030326,
DP 643,0.027276,0.036213,0.00309,0.024358,
DP 644,0.056612,0.031591,0.003376,0.023485,
DP 645,0.040826,0.041109,0.002655,0.047442,
DP 646,0.025379,0.033743,0.003804,0.020098,
DP 647,0.042554,0.026572,0.004673,0.028762,
DP 648,0.032108,0.02172,0.00458,0.034727,
DP 649,0.035766,0.046572,0.003871,0.03376,
DP 650,0.057176,0.04146,0.004096,0.039215,
DP 651,0.022803,0.049478,0.004777,0.038095,
DP 652,0.029119,0.022815,0.002673,0.036489,
DP 653,0.055472,0.03956,0.003057,0.0415,
DP 654,0.041324,0.036384,0.003245,0.039107,
DP 655,0.044603,0.044863,0.002511,0.049761,
DP 656,0.045537,0.044985,0.004392,0.047333,
DP 657,0.043987,0.020405,0.002618,0.047086,
DP 658,0.035316,0.023599,0.004705,0.020675,
DP 659,0.025128,0.046165,0.003164,0.045959,
DP 660,0.037576,0.028353,0.004024,0.046487,
DP 661,0.022194,0.047901,0.002564,0.033903,
DP 662,0.046866,0.045212,0.003931,0.027537,
DP 663,0.039779,0.044388,0.00295,0.032899,
DP 664,0.020717,0.038843,0.004732,0.043061,
DP 665,0.055042,0.040607,0.004525,0.022509,
DP 666,0.056943,0.04011,0.002745,0.036963,
DP 667,0.048617,0.036122,0.003978,0.048398,
DP 668,0.031844,0.040225,0.004895,0.049121,
DP 669,0.028208,0.027006,0.004986,0.029816,
DP 670,0.039411,0.048005,0.004255,0.034152,
DP 671,0.033734,0.040457,0.00485,0.048356,
DP 672,0.057414,0.025982,0.003624,0.044504,
DP 673,0.03858,0.043828,0.004799,0.03296,
DP 674,0.030353,0.043102,0.00453,0.021004,
DP 675,0.041118,0.04174,0.004002,0.023213,
DP 676,0.024427,0.027742,0.003124,0.028613,
DP 677,0.026015,0.031219,0.00392,0.027923,
DP 678,0.038839,0.035892,0.00425,0.033716,
DP 679,0.050919,0.037587,0.003356,0.037981,
DP 680,0.038321,0.033386,0.003206,0.028124,
DP 681,0.050613,0.048078,0.003814,0.036202,
DP 682,0.041177,0.041659,0.004796,0.033576,
DP 683,0.059147,0.043885,0.004884,0.02995,
DP 684,0.024038,0.035637,0.003532,0.044877,
DP 685,0.058892,0.046592,0.002528,0.025112,
DP 686,0.045914,0.041076,0.002841,0.035545,
DP 687,0.045219,0.025826,0.003146,0.031803,
DP 688,0.059961,0.036273,0.003066,0.047593,
DP 689,0.024282,0.027424,0.002863,0.024465,
DP 690,0.055142,0.025003,0.00406,0.043713,
DP 691,0.044227,0.040243,0.003223,0.030942,
DP 692,0.049295,0.045759,0.002637,0.033386,
DP 693,0.056465,0.028826,0.004719,0.035815,
DP 694,0.033625,0.046672,0.003476,0.021788,
DP 695,0.053742,0.03279,0.00482,0.033126,
DP 696,0.040726,0.02108,0.003033,0.023671,
DP 697,0.043037,0.021745,0.003673,0.040273,
DP 698,0.025621,0.034862,0.002681,0.034014,
DP 699,0.0465,0.038333,0.003826,0.033939,
DP 700,0.041012,0.03988,0.002799,0.044462,
DP 701,0.044684,0.046854,0.003131,0.042561,
DP 702,0.023256,0.042477,0.004902,0.048625,
DP 703,0.02498,0.026723,0.003218,0.033222,
DP 704,0.052539,0.020945,0.00318,0.02183,
DP 705,0.024079,0.02139,0.004371,0.023243,
DP 706,0.050989,0.022871,0.002734,0.038372,
DP 707,0.047917,0.030595,0.003761,0.04426,
DP 708,0.042002,0.038627,0.004443,0.02915,
DP 709,0.033028,0.047611,0.00439,0.021619,
DP 710,0.05201,0.045157,0.004887,0.02944,
DP 711,0.028128,0.021635,0.003169,0.024239,
DP 712,0.03693,0.04678,0.002657,0.044158,
DP 713,0.02433,0.028058,0.004943,0.047174,
DP 714,0.049533,0.021882,0.003779,0.02726,
DP 715,0.051429,0.042637,0.003422,0.037617,
DP 716,0.052165,0.028651,0.002551,0.035188,
DP 717,0.049337,0.020895,0.004984,0.037432,
DP 718,0.050528,0.040922,0.003689,0.042268,
DP 719,0.032033,0.043917,0.003162,0.032724,
DP 720,0.055901,0.040824,0.00326,0.021954,
DP 721,0.048343,0.029682,0.003552,0.02414,
DP 722,0.039627,0.033065,0.003258,0.045621,
DP 723,0.027788,0.035427,0.003437,0.022169,
DP 724,0.022622,0.030924,0.002717,0.049848,
DP 725,0.04881,0.045416,0.002709,0.037,
DP 726,0.040534,0.02115,0.002856,0.030481,
DP 727,0.030624,0.043774,0.004817,0.022995,
DP 728,0.033769,0.021287,0.003631,0.029995,
DP 729,0.023759,0.032384,0.003554,0.035458,
DP 730,0.05108,0.032379,0.002577,0.042873,
DP 731,0.033836,0.046256,0.004262,0.02029,
DP 732,0.022052,0.021321,0.003918,0.02782,
DP 733,0.055376,0.034487,0.004645,0.04688,
DP 734,0.05787,0.031032,0.003657,0.022207,
DP 735,0.031909,0.022406,0.003512,0.046787,
DP 736,0.023987,0.024848,0.00391,0.041352,
DP 737,0.037979,0.022108,0.00379,0.044111,
DP 738,0.022338,0.045244,0.003898,0.045713,
DP 739,0.058246,0.027586,0.002781,0.038762,
DP 740,0.033067,0.041967,0.004215,0.020738,
DP 741,0.047436,0.044705,0.003835,0.042059,
DP 742,0.040295,0.041373,0.003349,0.047253,
DP 743,0.05158,0.030451,0.004145,0.023765,
DP 744,0.04843,0.037286,0.003785,0.045315,
DP 745,0.022271,0.043025,0.003936,0.020772,
DP 746,0.020641,0.047888,0.003563,0.028705,
DP 747,0.021694,0.02922,0.004446,0.021661,
DP 748,0.026698,0.034119,0.004628,0.029501,
DP 749,0.049947,0.027407,0.002523,0.039204,
DP 750,0.046077,0.020462,0.002505,0.036319,
DP 751,0.025697,0.047353,0.003274,0.045134,
DP 752,0.03264,0.029629,0.00364,0.0479,
DP 753,0.036241,0.044941,0.004249,0.026493,
DP 754,0.058623,0.038238,0.0031,0.02044,
DP 755,0.048534,0.04963,0.004438,0.03698,
DP 756,0.055204,0.048926,0.003962,0.046729,
DP 757,0.031604,0.032746,0.003492,0.039101,
DP 758,0.025965,0.041027,0.004917,0.045148,
DP 759,0.042178,0.046724,0.003847,0.040185,
DP 760,0.030971,0.04852,0.003038,0.035571,
DP 761,0.053161,0.023277,0.002846,0.044426,
DP 762,0.058992,0.03106,0.004699,0.022721,
DP 763,0.049625,0.021214,0.0038,0.045983,
DP 764,0.036799,0.031822,0.004617,0.037922,
DP 765,0.041858,0.044847,0.004833,0.027211,
DP 766,0.041638,0.046743,0.004436,0.020132,
DP 767,0.049116,0.038916,0.003859,0.023967,
DP 768,0.029204,0.038941,0.003986,0.040038,
DP 769,0.044168,0.028324,0.004947,0.035784,
DP 770,0.040633,0.04272,0.003616,0.042111,
DP 771,0.039919,0.023437,0.00262,0.040846,
DP 772,0.040756,0.03183,0.002972,0.024037,
DP 773,0.039133,0.035208,0.004591,0.032412,
DP 774,0.043444,0.043504,0.004962,0.023649,
DP 775,0.046945,0.032442,0.004629,0.027698,
DP 776,0.05312,0.024218,0.004651,0.027116,
DP 777,0.043394,0.023968,0.00345,0.029853,
DP 778,0.022404,0.023081,0.004502,0.033082,
DP 779,0.026062,0.030115,0.004999,0.028301,
DP 780,0.027441,0.024506,0.003522,0.021364,
DP 781,0.037922,0.037786,0.002915,0.028065,
DP 782,0.028658,0.020761,0.003869,0.033728,
DP 783,0.047122,0.039343,0.002731,0.031353,
DP 784,0.031455,0.049412,0.003423,0.037711,
DP 785,0.0364,0.023649,0.004402,0.039343,
DP 786,0.029755,0.03153,0.003889,0.022906,
DP 787,0.056328,0.03189,0.00256,0.042324,
DP 788,0.055432,0.045341,0.003186,0.020264,
DP 789,0.059767,0.033239,0.003767,0.039472,
DP 790,0.036599,0.044484,0.003433,0.02032,
DP 791,0.023099,0.036045,0.003011,0.028028,
DP 792,0.046479,0.026876,0.004221,0.028735,
DP 793,0.056979,0.048138,0.002521,0.03755,
DP 794,0.035868,0.046884,0.004055,0.025534,
DP 795,0.047635,0.047164,0.004588,0.020546,
DP 796,0.05379,0.030411,0.003317,0.024108,
DP 797,0.047534,0.032645,0.004775,0.039413,
DP 798,0.024572,0.028459,0.004863,0.045262,
DP 799,0.049446,0.036169,0.003982,0.027278,
DP 800,0.045804,0.030037,0.003086,0.033978,
DP 801,0.028279,0.042503,0.003391,0.031894,
DP 802,0.02988,0.029066,0.003074,0.026252,
DP 803,0.052423,0.044531,0.003698,0.048319,
DP 804,0.032443,0.048517,0.002508,0.028989,
DP 805,0.038792,0.029386,0.00336,0.023459,
DP 806,0.021465,0.042972,0.00286,0.037131,
DP 807,0.059373,0.03719,0.003487,0.0301,
DP 808,0.039838,0.048893,0.002887,0.020168,
DP 809,0.02483,0.036645,0.002737,0.047679,
DP 810,0.048464,0.030946,0.004566,0.042403,
DP 811,0.021788,0.025429,0.002832,0.04849,
DP 812,0.037155,0.026018,0.003509,0.040912,
DP 813,0.030608,0.039742,0.003741,0.030421,
DP 814,0.054202,0.021541,0.002935,0.02855,
DP 815,0.030571,0.037424,0.002965,0.043639,
DP 816,0.027755,0.035165,0.00327,0.031629,
DP 817,0.029473,0.020719,0.002566,0.032152,
DP 818,0.039235,0.021424,0.00384,0.030592,
DP 819,0.049265,0.039051,0.003062,0.026238,
DP 820,0.047188,0.036999,0.003209,0.030307,
DP 821,0.02652,0.025323,0.00282,0.048917,
DP 822,0.054754,0.026847,0.004976,0.027079,
DP 823,0.022686,0.035604,0.004168,0.02238,
DP 824,0.053666,0.049535,0.003881,0.044999,
DP 825,0.034715,0.049299,0.002542,0.026517,
DP 826,0.021576,0.030378,0.00479,0.043896,
DP 827,0.05726,0.040342,0.003362,0.025623,
DP 828,0.044848,0.037393,0.002792,0.026963,
DP 829,0.049759,0.03079,0.004069,0.030127,
DP 830,0.054896,0.025778,0.003481,0.025076,
DP 831,0.023788,0.024729,0.003559,0.029453,
DP 832,0.048115,0.045027,0.003704,0.03168,
DP 833,0.048734,0.036543,0.004505,0.048436,
DP 834,0.032849,0.024039,0.003241,0.022948,
DP 835,0.020812,0.022316,0.004152,0.030652,
DP 836,0.049586,0.048287,0.004483,0.034635,
DP 837,0.029528,0.039262,0.004488,0.049513,
DP 838,0.045607,0.029437,0.003341,0.027677,
DP 839,0.020296,0.047121,0.004659,0.04846,
DP 840,0.046744,0.039919,0.003938,0.037152,
DP 841,0.032537,0.046644,0.003173,0.025805,
DP 842,0.045143,0.032226,0.004164,0.042792,
DP 843,0.05803,0.029029,0.003582,0.041882,
DP 844,0.045885,0.049003,0.002703,0.043381,
DP 845,0.037458,0.032694,0.004601,0.045843,
DP 846,0.054611,0.046528,0.004358,0.021519,
DP 847,0.05621,0.021129,0.003692,0.025838,
DP 848,0.021518,0.031999,0.003863,0.024485,
DP 849,0.020043,0.040169,0.003397,0.04315,
DP 850,0.031123,0.047971,0.00422,0.034279,
DP 851,0.04258,0.032041,0.002835,0.036922,
DP 852,0.029172,0.040583,0.002808,0.031857,
DP 853,0.059425,0.021274,0.003597,0.024647,
DP 854,0.036753,0.035731,0.004868,0.026591,
DP 855,0.055225,0.049264,0.003877,0.037262,
DP 856,0.021142,0.048706,0.002796,0.024797,
DP 857,0.02713,0.02811,0.00259,0.046464,
DP 858,0.025794,0.025578,0.002744,0.030774,
DP 859,0.057134,0.020506,0.003759,0.03591,
DP 860,0.058379,0.031718,0.00402,0.035332,
DP 861,0.024373,0.03485,0.002806,0.047698,
DP 862,0.059847,0.029316,0.004512,0.022739,
DP 863,0.02354,0.038447,0.004853,0.023594,
DP 864,0.051497,0.038796,0.003345,0.038593,
DP 865,0.042324,0.020007,0.004103,0.035059,
DP 866,0.029391,0.038559,0.004306,0.04299,
DP 867,0.050147,0.035691,0.004858,0.049329,
DP 868,0.041814,0.049503,0.004544,0.038571,
DP 869,0.059778,0.030176,0.003152,0.039567,
