,,,,,,,,
Constants,,,,,,,,
Stuctural Steel density,7850,kg/m^3,,,,,,
Yield strength,250000000,Pa,,,,,,
Pi,3.1415,,,,,,,
,,,,,,,,
,,,,,,,,
,,,,,,,,
,,,,,,,,
,,,,,,,,
Name,length (m),width (m),thickness (m),height (m),stress (Pa),volume,mass,FOS(yield)
DP 0,0.02,0.02,0.002,0.02,609363199.7,0.0000014815575,0.01163022638,0.4102643549
DP 1,0.02289,0.032468,0.003204,0.049191,284300005.9,0.000005781415876,0.04538411463,0.879352778
DP 2,0.041562,0.035307,0.002667,0.038964,328474705.3,0.000008103455108,0.0636121226,0.7610936122
DP 3,0.033949,0.029465,0.004239,0.037722,130964591.4,0.000009401524746,0.07380196926,1.908912916
DP 4,0.029742,0.048853,0.004657,0.034032,128711172.9,0.00001117197778,0.08770002556,1.942333321
DP 5,0.052978,0.036781,0.004435,0.045311,106831276.2,0.00001904214516,0.1494808395,2.340138664
DP 6,0.059697,0.027394,0.002751,0.032332,228076425.2,0.000009707844329,0.07620657798,1.096123809
DP 7,0.046889,0.024142,0.003006,0.033787,203072781.1,0.00000801948428,0.0629529516,1.231085715
DP 8,0.036738,0.031195,0.002428,0.04551,337488767.3,0.000006722350557,0.05277045188,0.740765395
DP 9,0.05107,0.036989,0.004386,0.036743,116485470,0.00001626963596,0.1277166423,2.146190422
DP 10,0.058348,0.039657,0.003103,0.037199,204162234.7,0.00001378407883,0.1082050188,1.224516377
DP 11,0.051425,0.02785,0.004289,0.044506,109688506.3,0.00001572145789,0.1234134444,2.27918137
DP 12,0.026867,0.024559,0.004538,0.049014,116115793.9,0.000008665693913,0.06802569722,2.153023217
DP 13,0.057727,0.028358,0.002594,0.025098,288503362.8,0.000007912487246,0.06211302488,0.8665410261
DP 14,0.042885,0.032701,0.004679,0.035666,107702891.8,0.00001343380882,0.1054553992,2.321200441
DP 15,0.053816,0.039029,0.003466,0.048466,184846036.2,0.00001615185612,0.1267920706,1.352476932
DP 16,0.047333,0.048659,0.004473,0.026071,122251458.2,0.00001556200501,0.1221617393,2.044965382
DP 17,0.055746,0.043534,0.002493,0.037009,298590154.9,0.00001110533192,0.08717685561,0.8372680608
DP 18,0.045588,0.033069,0.003674,0.043577,149150581.9,0.0000126369746,0.0992002506,1.676158395
DP 19,0.047659,0.04543,0.003768,0.048116,156671457.5,0.00001659503763,0.1302710454,1.595695885
DP 20,0.059083,0.047101,0.003933,0.041065,133276800.1,0.00002029267484,0.1592974975,1.875795336
DP 21,0.048934,0.022278,0.003236,0.02235,195684038.5,0.00000690723751,0.05422181445,1.277569708
DP 22,0.021991,0.028973,0.004618,0.021661,120329218.9,0.000004821899604,0.03785191189,2.077633366
DP 23,0.054335,0.03575,0.002175,0.035391,388914484.6,0.000008341481343,0.06548062854,0.6428148343
DP 24,0.035022,0.033686,0.002261,0.026711,397866182.8,0.000004672596946,0.03667988602,0.6283519706
DP 25,0.041855,0.023574,0.003796,0.020611,138732905.3,0.000006802902427,0.05340278405,1.80202382
DP 26,0.039637,0.04799,0.003132,0.043109,248399215.1,0.00001113989518,0.08744817716,1.006444404
DP 27,0.046488,0.044985,0.002107,0.027418,487266097.3,0.00000701620836,0.05507723562,0.5130666825
DP 28,0.024761,0.026329,0.003996,0.044839,162844492.6,0.000006775707745,0.0531893058,1.53520697
DP 29,0.032278,0.027026,0.004845,0.039543,110828267.1,0.00001009235502,0.07922498688,2.255742208
DP 30,0.040497,0.022784,0.002317,0.047112,320674280.8,0.000006454703579,0.0506694231,0.779607268
DP 31,0.020966,0.034205,0.003527,0.030675,234083763.6,0.000004561183367,0.03580528943,1.067993765
DP 32,0.055183,0.045652,0.00328,0.038557,184164529.9,0.00001509083907,0.1184630867,1.357481814
DP 33,0.057559,0.036024,0.004125,0.020322,133449143.6,0.0000131654953,0.1033491381,1.873372831
DP 34,0.051768,0.025896,0.003872,0.040693,126472246.5,0.00001314337761,0.1031755143,1.976718268
DP 35,0.037617,0.031555,0.004917,0.029275,92412040.49,0.0000109377795,0.08586156911,2.705275186
DP 36,0.024205,0.039353,0.003622,0.038128,240756534.1,0.000006555090943,0.05145746391,1.038393416
DP 37,0.035811,0.04302,0.00214,0.042644,485364593.2,0.000006466010071,0.05075817906,0.5150767145
DP 38,0.038624,0.043394,0.004945,0.046431,107813613.5,0.0000168424261,0.1322130449,2.318816631
DP 39,0.034744,0.046534,0.003587,0.028498,192220240.2,0.000009136391022,0.07172066952,1.300591446
DP 40,0.041088,0.040202,0.003418,0.049769,197746134.7,0.00001244634327,0.09770379466,1.264247214
DP 41,0.056757,0.049125,0.003373,0.048789,202752378.5,0.00001858951567,0.145927698,1.233031158
DP 42,0.030178,0.020489,0.003595,0.032058,204929835.8,0.000005476769568,0.04299264111,1.219929734
DP 43,0.035473,0.044014,0.002741,0.030345,330820624.9,0.000007083285834,0.0556037938,0.7556965351
DP 44,0.025498,0.025119,0.002805,0.030187,280497862.3,0.000003784544535,0.0297086746,0.8912723897
DP 45,0.037426,0.029902,0.004133,0.027575,134643234.3,0.000008638335167,0.06781093106,1.856758725
DP 46,0.045644,0.031732,0.002824,0.041805,237165121.8,0.000009345197658,0.07335980161,1.054117899
DP 47,0.028891,0.029102,0.004029,0.031972,157886409.5,0.000006848504905,0.05376076351,1.583416843
DP 48,0.022501,0.046321,0.004042,0.040928,206432016.4,0.000007661227885,0.06014063889,1.211052454
DP 49,0.020751,0.042551,0.003555,0.022946,236785390.7,0.000004592583256,0.03605177856,1.055808381
DP 50,0.04456,0.044638,0.002864,0.022007,256301076.3,0.000008366366047,0.06567597347,0.9754153342
DP 51,0.039289,0.024208,0.003155,0.042157,198851136.8,0.000008054498502,0.06322781324,1.25722188
DP 52,0.054794,0.046931,0.002716,0.026397,297100151,0.00001080524353,0.08482116169,0.8414670916
DP 53,0.038351,0.049848,0.003689,0.024626,189933877.6,0.00001032070102,0.08101750301,1.316247544
DP 54,0.03432,0.036259,0.004859,0.040178,104594693.8,0.00001243138104,0.09758634118,2.390178613
DP 55,0.021548,0.028663,0.003832,0.046881,181949933.4,0.000005978481289,0.04693107812,1.37400435
DP 56,0.05348,0.032153,0.00333,0.044013,166706860.6,0.0000134060545,0.1052375279,1.499638342
DP 57,0.027885,0.037423,0.002539,0.033333,382464535.6,0.000004863982512,0.03818226272,0.6536553765
DP 58,0.052546,0.046068,0.004276,0.035174,128043702.5,0.00001801966937,0.1414544046,1.952458381
DP 59,0.048414,0.047721,0.002452,0.038659,342508544.1,0.00001015521098,0.07971840619,0.7299087988
DP 60,0.032613,0.021565,0.002389,0.021467,366266709.6,0.000003228098848,0.02534057596,0.6825627158
DP 61,0.042468,0.041361,0.004603,0.028841,112048740.6,0.00001344362542,0.1055324595,2.231171888
DP 62,0.049358,0.02304,0.003812,0.025576,127418824.3,0.000008943187665,0.07020402317,1.962033485
DP 63,0.05625,0.024972,0.00204,0.03114,388108876.8,0.000006387289406,0.05014022184,0.644149142
DP 64,0.040218,0.042126,0.002233,0.023976,416627028.3,0.000005838720554,0.04583395635,0.6000570846
DP 65,0.025673,0.044568,0.002658,0.039922,374243360.1,0.000005606337018,0.04400974559,0.6680145238
DP 66,0.028742,0.020653,0.003311,0.046357,209745878.7,0.000006172471805,0.04845390367,1.191918533
DP 67,0.023232,0.04755,0.004511,0.028054,163879945.9,0.000007613858179,0.0597687867,1.525506971
DP 68,0.045154,0.040694,0.003978,0.034648,151212716.5,0.00001330792525,0.1044672132,1.653300104
DP 69,0.020379,0.040823,0.00207,0.047782,682956695.2,0.000003614552242,0.0283742351,0.3660554201
DP 70,0.050673,0.025549,0.003024,0.026945,198688637.5,0.000007904309903,0.06204883274,1.25825011
DP 71,0.050383,0.030446,0.004783,0.039425,95300144.97,0.00001655932177,0.1299906759,2.623290868
DP 72,0.048172,0.029775,0.002569,0.034288,289854387.3,0.000007819331448,0.06138175186,0.8625020389
DP 73,0.04419,0.022669,0.004195,0.025384,118775042.8,0.00000866381708,0.06801096408,2.10481928
DP 74,0.03323,0.04127,0.002395,0.029629,398823355.8,0.000005518647765,0.04332138496,0.6268439307
DP 75,0.022008,0.020059,0.003477,0.028207,265525246,0.000003462838287,0.02718328055,0.9415300569
DP 76,0.036888,0.02206,0.002614,0.021046,286011232.2,0.000004022462809,0.03157633305,0.8740915455
DP 77,0.030457,0.038161,0.003188,0.042908,240755738.3,0.000007680003836,0.06028803011,1.038396849
DP 78,0.029493,0.041858,0.002916,0.032775,285531302.4,0.000006246510583,0.04903510808,0.8755607455
DP 79,0.031507,0.02109,0.004419,0.023802,147566102.9,0.000005964090203,0.04681810809,1.694156009
DP 80,0.043448,0.023694,0.004991,0.024215,91171515.91,0.00001008096179,0.07913555004,2.742084493
DP 81,0.056833,0.021356,0.0022,0.036339,357021849.9,0.000007150753401,0.05613341419,0.7002372547
DP 82,0.028061,0.030904,0.002966,0.02014,267922439.5,0.000004069598403,0.03194634746,0.9331058662
DP 83,0.030947,0.038514,0.004078,0.045139,157482873.9,0.00001029666677,0.08082883415,1.587474205
DP 84,0.058522,0.026642,0.002356,0.025816,294293638.7,0.000007160803519,0.05621230763,0.8494916884
DP 85,0.026362,0.037782,0.002957,0.023319,291705703.7,0.000004581657781,0.03596601358,0.8570281515
DP 86,0.033145,0.049412,0.003896,0.043822,201908937.8,0.00001179762027,0.09261131915,1.238181938
DP 87,0.055287,0.034461,0.004702,0.049624,97280257.44,0.0000215962028,0.169530192,2.569894515
DP 88,0.027364,0.043971,0.002882,0.041549,335631601.4,0.000006570879776,0.05158140625,0.7448643065
DP 89,0.038974,0.034828,0.004566,0.022543,116515020.8,0.000009926153526,0.07792030518,2.1456461
DP 90,0.031694,0.03866,0.003395,0.02942,207761592.6,0.000007120071041,0.05589255767,1.203302289
DP 91,0.042028,0.035264,0.004366,0.031074,128091251.6,0.00001191092903,0.09350079292,1.951733603
DP 92,0.024937,0.037274,0.002277,0.034799,479734327.5,0.000003961755626,0.03109978167,0.5211217661
DP 93,0.052267,0.03983,0.003057,0.042419,206564449.4,0.00001300263434,0.1020706796,1.210276021
DP 94,0.036254,0.026206,0.003735,0.036156,154143342.6,0.000008221048296,0.06453522912,1.621866996
DP 95,0.023626,0.042369,0.004809,0.037481,142500812.5,0.00000874030184,0.06861136944,1.754375961
DP 96,0.049779,0.027519,0.004737,0.033056,92589707.32,0.0000140078964,0.1099619867,2.700084137
DP 97,0.046249,0.033204,0.004168,0.045815,129511449.6,0.0000149941547,0.1177041144,1.930331262
DP 98,0.059553,0.030545,0.002011,0.023263,416538446,0.000006401199505,0.05024941612,0.6001846946
DP 99,0.026565,0.033894,0.00434,0.047464,136046450.7,0.00000909039554,0.07135960499,1.83760766
DP 100,0.04367,0.048411,0.004896,0.031567,111416157.6,0.00001679979628,0.1318784008,2.243839721
DP 101,0.023368,0.021701,0.003631,0.021193,187695746.5,0.000003399490478,0.02668600026,1.33194281
DP 102,0.024472,0.02293,0.003951,0.024098,147982485.8,0.000004284053337,0.03362981869,1.68938911
DP 103,0.023862,0.021474,0.003923,0.021591,174091689.5,0.000003769331432,0.02958925174,1.436024894
DP 104,0.021007,0.02229,0.00383,0.023324,172666448.6,0.000003409735953,0.02676642723,1.447878277
DP 105,0.024634,0.023361,0.003453,0.021433,197666955,0.000003586625145,0.02815500739,1.264753636
DP 106,0.025173,0.024195,0.004211,0.020699,128923071.6,0.000004476824647,0.03514307348,1.939140892
DP 107,0.021266,0.023556,0.004054,0.021115,150911466.8,0.000003573879424,0.02805495348,1.656600425
DP 108,0.020854,0.021196,0.004176,0.020232,174952954,0.00000332012091,0.02606294914,1.428955581
DP 109,0.022002,0.022617,0.003694,0.022882,177777077.3,0.000003450330967,0.02708509809,1.406255541
DP 110,0.025961,0.021918,0.003795,0.021874,161373418.1,0.000004066572309,0.03192259263,1.549201863
DP 111,0.024069,0.024313,0.003863,0.020155,160277939.5,0.000003877671948,0.03043972479,1.559790454
DP 112,0.02245,0.022069,0.004013,0.02061,160611385,0.00000357322406,0.02804980887,1.556552171
DP 113,0.021595,0.020869,0.003571,0.022248,218566635,0.000003086255607,0.02422710651,1.143815935
DP 114,0.024864,0.0203,0.004133,0.024324,251887810.3,0.000004309124622,0.03382662828,0.9925053528
DP 115,0.020162,0.020547,0.003439,0.024024,234493421.5,0.000002859279647,0.02244534523,1.066127989
DP 116,0.022799,0.022819,0.004095,0.023653,147068239.6,0.000004061142505,0.03187996866,1.699891157
DP 117,0.02311,0.0201,0.00351,0.023082,236791024.3,0.000003271728659,0.02568306997,1.055783262
DP 118,0.025691,0.021027,0.00339,0.023508,209464090.3,0.000003662047295,0.02874707127,1.193522
DP 119,0.022144,0.023997,0.003757,0.022412,172887295.7,0.000003608705643,0.0283283393,1.44602875
DP 120,0.020512,0.023676,0.0036,0.022524,195233091.9,0.000003168442332,0.02487227231,1.280520621
DP 121,0.02,0.02,0.003805,0.02,294068254.4,0.000002783797313,0.0218528089,0.8501427687
DP 122,0.022952,0.021815,0.003764,0.020073,175505709.8,0.000003367479454,0.02643471372,1.42445508
DP 123,0.02125,0.020726,0.003816,0.020291,203389132.3,0.000003067416461,0.02407921922,1.229170886
DP 124,0.020279,0.021092,0.003691,0.021938,212043379.7,0.000002970075932,0.02331509606,1.179004034
DP 125,0.020754,0.020523,0.003592,0.021385,229586730.8,0.000002882155251,0.02262491872,1.088913105
DP 126,0.022703,0.022145,0.003861,0.020568,170476857.2,0.000003484683211,0.0273547632,1.466474712
DP 127,0.021997,0.022315,0.00395,0.020746,162709262.8,0.000003473757457,0.02726899604,1.5364829
DP 128,0.021671,0.020433,0.004023,0.021189,225126113.8,0.000003354611109,0.02633369721,1.110488676
DP 129,0.022511,0.020076,0.003625,0.022168,259452456.6,0.000003205995102,0.02516706155,0.9635676737
DP 130,0.021496,0.021591,0.003734,0.021875,192233644.7,0.000003237107924,0.0254112972,1.300500755
DP 131,0.020598,0.021326,0.003938,0.021519,181385303.4,0.000003205875856,0.02516612547,1.378281456
